Dataset name,Graph count,Batch size,Batch count,Model name,Run time (average of 5 trials),Average run time per batch,Average run time per graph
dgn-hiv,4113,1,4113,dgn-hiv,38.70246822331097,0.009409790474911493,0.009409790474911493
dgn-hiv-batch16,4113,16,258,dgn-hiv,4.386303549469446,0.017001176548331186,0.0010664487112738744
dgn-hiv-batch256,4113,256,17,dgn-hiv,2.0649308788008054,0.12146652228240032,0.0005020498124971566
