Dataset name,Graph count,Model name,Run time (average of 5 trials),Average run time per graph
ogbg-molhiv-batch16,258,gin,1.9710517747327674,0.007639735560979718
ogbg-molhiv-batch16,258,gin_with_virtual_node,2.413129081297665,0.009353213493401803
ogbg-molhiv-batch16,258,gcn,1.6366585580632091,0.006343637821950423
ogbg-molhiv-batch16,258,gcn_with_virtual_node,2.030541103240103,0.00787031435364381
ogbg-molhiv-batch16,258,gat,10.69468409828841,0.041452263946854306
