Dataset name,Model name,Trial,Run time
ogbg-molhiv,gin,1,22.16047763824463
ogbg-molhiv,gin,2,20.48587727546692
ogbg-molhiv,gin,3,20.56930923461914
ogbg-molhiv,gin,4,26.355334043502808
ogbg-molhiv,gin,5,28.430565357208252
ogbg-molhiv,gin,Average,23.60031270980835
