Dataset name,Graph count,Batch size,Batch count,Model name,Run time (average of 5 trials),Average run time per batch,Average run time per graph
dgn-hiv,4113,1,4113,dgn-hiv,68.09846039693818,0.01655688315024026,0.01655688315024026
dgn-hiv-batch16,4113,16,258,dgn-hiv,5.387669172557075,0.020882438653321997,0.0013099122714702346
dgn-hiv-batch256,4113,256,17,dgn-hiv,0.48188129861373447,0.02834595874198438,0.00011716053941496096
